room,hour,month,A_res,B_res,d_res,odb
Bathroom_2,1843,Mar,16.089758,18.544109,2.454351,12.800000
Bathroom_2,1819,Mar,15.719328,18.141895,2.422567,11.100000
Bathroom_2,8659,Dec,14.024567,16.399130,2.374563,11.900000
Bathroom_2,1842,Mar,15.692251,18.051373,2.359121,12.800000
Bathroom_2,1818,Mar,15.348591,17.696526,2.347935,11.400000
Bathroom_2,1747,Mar,15.245763,17.590034,2.344272,8.300000
Bathroom_2,8683,Dec,14.275436,16.603125,2.327688,10.600000
Bathroom_2,1867,Mar,16.246567,18.525873,2.279306,9.500000
Bathroom_2,1723,Mar,15.034304,17.310989,2.276686,7.600000
Bathroom_2,1844,Mar,15.550352,17.825764,2.275412,12.300000
Studio 1_0,6211,Sep,18.834442,17.290710,-1.543732,10.500000
Studio 1_0,6667,Oct,19.033558,17.548388,-1.485170,9.200000
Studio 1_0,6595,Oct,19.076801,17.603695,-1.473106,11.600000
Studio 1_0,6691,Oct,18.817551,17.363012,-1.454538,10.800000
Studio 1_0,6259,Sep,18.817856,17.378071,-1.439785,10.700000
Studio 1_0,3955,Jun,19.324253,17.888496,-1.435757,10.800000
Studio 1_0,6139,Sep,19.128588,17.709156,-1.419432,11.100000
Studio 1_0,6739,Oct,18.620117,17.210752,-1.409365,9.400000
Studio 1_0,6210,Sep,18.786697,17.383129,-1.403568,10.800000
Studio 1_0,6163,Sep,19.188114,17.786400,-1.401714,11.000000
Bedroom 2_3,2968,May,17.373209,19.724800,2.351591,21.100000
Bedroom 2_3,2967,May,17.514025,19.614632,2.100607,20.900000
Bedroom 2_3,2969,May,17.102467,18.818985,1.716518,19.500000
Bedroom 2_3,2970,May,17.147118,18.713150,1.566032,19.500000
Bedroom 2_3,5116,Aug,19.853111,18.310452,-1.542660,15.200000
Bedroom 2_3,2966,May,17.522835,19.052401,1.529566,19.600000
Bedroom 2_3,2965,May,17.445965,18.941845,1.495880,19.500000
Bedroom 2_3,1816,Mar,12.421370,13.837193,1.415823,14.300000
Bedroom 2_3,1815,Mar,12.542562,13.954758,1.412195,14.500000
Bedroom 2_3,1741,Mar,12.240530,13.649824,1.409294,12.000000
Ensuite_5,4819,Jul,23.650116,21.016651,-2.633465,17.600000
Ensuite_5,5299,Aug,22.956936,20.351072,-2.605864,17.000000
Ensuite_5,5491,Aug,22.700397,20.095772,-2.604626,16.500000
Ensuite_5,5659,Aug,23.013103,20.413269,-2.599834,15.900000
Ensuite_5,5371,Aug,22.525743,19.940819,-2.584925,15.800000
Ensuite_5,5179,Aug,23.238523,20.658115,-2.580408,17.799999
Ensuite_5,4867,Jul,23.463264,20.888706,-2.574558,17.700001
Ensuite_5,4891,Jul,23.221100,20.656456,-2.564644,17.500000
Ensuite_5,4723,Jul,24.147148,21.600376,-2.546772,19.500000
Ensuite_5,4771,Jul,24.026388,21.480354,-2.546034,18.299999
Kitchen_4,2968,May,17.641516,20.100634,2.459118,21.100000
Kitchen_4,2967,May,17.926382,20.046982,2.120600,20.900000
Kitchen_4,5116,Aug,20.472729,18.416796,-2.055933,15.200000
Kitchen_4,8662,Dec,11.090395,13.138418,2.048023,11.600000
Kitchen_4,8110,Dec,13.476372,15.455653,1.979281,14.100000
Kitchen_4,8660,Dec,11.184755,13.162600,1.977844,11.700000
Kitchen_4,2874,Apr,16.161596,18.124649,1.963053,16.500000
Kitchen_4,8659,Dec,11.391239,13.339783,1.948544,11.900000
Kitchen_4,8661,Dec,11.107870,13.049593,1.941723,11.200000
Kitchen_4,2875,Apr,16.214001,18.145325,1.931324,16.100000
Bedroom 2_6,2968,May,17.148376,19.641088,2.492712,21.100000
Bedroom 2_6,2967,May,17.308723,19.524340,2.215616,20.900000
Bedroom 2_6,2969,May,16.871662,18.719738,1.848076,19.500000
Bedroom 2_6,2970,May,16.912411,18.599590,1.687180,19.500000
Bedroom 2_6,2966,May,17.340069,18.961662,1.621593,19.600000
Bedroom 2_6,5116,Aug,19.880070,18.280743,-1.599327,15.200000
Bedroom 2_6,2965,May,17.274632,18.847759,1.573128,19.500000
Bedroom 2_6,3544,May,18.623634,20.047979,1.424345,21.100000
Bedroom 2_6,1839,Mar,12.795712,14.184238,1.388527,15.400000
Bedroom 2_6,1816,Mar,12.334872,13.706711,1.371839,14.300000
Ensuite_8,5491,Aug,23.073898,20.165325,-2.908573,16.500000
Ensuite_8,5299,Aug,23.339245,20.430975,-2.908270,17.000000
Ensuite_8,4819,Jul,24.030121,21.126686,-2.903435,17.600000
Ensuite_8,5371,Aug,22.914112,20.018042,-2.896070,15.800000
Ensuite_8,4867,Jul,23.838966,20.957855,-2.881111,17.700001
Ensuite_8,5179,Aug,23.595715,20.732132,-2.863583,17.799999
Ensuite_8,4891,Jul,23.603672,20.740845,-2.862827,17.500000
Ensuite_8,5347,Aug,22.991257,20.143450,-2.847807,16.500000
Ensuite_8,5659,Aug,23.386848,20.539337,-2.847511,15.900000
Ensuite_8,5227,Aug,23.321339,20.478477,-2.842861,16.900000
Kitchen_7,2968,May,17.724678,20.098354,2.373676,21.100000
Kitchen_7,5116,Aug,20.647324,18.499336,-2.147987,15.200000
Kitchen_7,2967,May,17.998203,20.039135,2.040932,20.900000
Kitchen_7,8662,Dec,11.304859,13.226479,1.921619,11.600000
Kitchen_7,8660,Dec,11.400652,13.241170,1.840518,11.700000
Kitchen_7,8110,Dec,13.661667,15.486725,1.825058,14.100000
Kitchen_7,8661,Dec,11.323149,13.135349,1.812201,11.200000
Kitchen_7,1843,Mar,13.559215,15.366039,1.806825,12.800000
Kitchen_7,5117,Aug,20.606041,18.800823,-1.805218,16.600000
Kitchen_7,8659,Dec,11.612294,13.409213,1.796919,11.900000
