section,key,n,bias,rmse,mae,maxabs,dwelling,leg_kind,design_flow_ls,source_room,res_bias,res_rmse,res_maxabs,res_argmax_hour,air_bias,air_rmse,air_maxabs,mrt_bias,mrt_rmse,mrt_maxabs,A_gt26_hours,B_gt26_hours,A_mean_res,B_mean_res,B_inlet_mean_C,A_inlet_mean_C,inlet_delta_K,B_leaving_mean_C,B_zone_mean_C,B_stratification_K,corr,note,dv_true_bias,dv_true_rmse,dv_false_bias,dv_false_rmse,dv_true_mean,dv_false_mean,A_mean,S_minus_B,B_minus_A,A_res,B_res
pooled,A_res_vs_B_res,70080.000000,0.372644,0.833501,0.688882,2.908573,,,,,,,,,,,,,,,,,,,,,,,,,,,,,,,,,,,,,
pooled,A_air_vs_B_ZoneTemperature,70080.000000,0.385350,0.984024,0.800978,4.130445,,,,,,,,,,,,,,,,,,,,,,,,,,,,,,,,,,,,,
pooled,A_mrt_vs_B_mrt,70080.000000,0.359939,0.710060,0.603721,1.880524,,,,,,,,,,,,,,,,,,,,,,,,,,,,,,,,,,,,,
per_room,Bathroom_2,,,,,,Flat 1,transfer,8.000000,Studio 1_0,0.494930,0.817455,2.454351,1843.000000,0.531564,0.979276,3.028181,0.458296,0.690630,1.880524,4.000000,16.000000,17.439112,17.934043,18.225268,15.681650,2.543618,30.752366,18.489592,12.262775,,,,,,,,,,,,,
per_room,Studio 1_0,,,,,,Flat 1,supply,30.000000,outdoor,0.284546,0.672525,1.543732,6211.000000,0.291665,0.802572,2.233156,0.277426,0.575382,1.132446,13.000000,12.000000,16.000311,16.284857,10.000183,9.998209,0.001973,18.225268,15.973315,2.251953,,,,,,,,,,,,,
per_room,Bedroom 2_3,,,,,,Flat 2,supply,63.000000,outdoor,0.487366,0.712868,2.351591,2968.000000,0.522396,0.779807,3.074429,0.452336,0.656128,1.628754,3.000000,3.000000,14.813591,15.300957,10.000183,9.998521,0.001662,15.109611,14.938687,0.170924,,,,,,,,,,,,,
per_room,Ensuite_5,,,,,,Flat 2,transfer,8.000000,Kitchen_4,0.047778,0.827805,2.633465,4819.000000,-0.096354,0.986623,3.839502,0.191911,0.717915,1.532623,0.000000,0.000000,17.004710,17.052489,16.680570,15.353450,1.327120,35.880366,17.378124,18.502243,,,,,,,,,,,,,
per_room,Kitchen_4,,,,,,Flat 2,transfer,63.000000,Bedroom 2_3,0.828849,1.068859,2.459118,2968.000000,1.004657,1.261718,3.093925,0.653042,0.886869,1.824310,4.000000,4.000000,15.566800,16.395650,15.109611,14.416292,0.693320,16.680570,16.358108,0.322462,,,,,,,,,,,,,
per_room,Bedroom 2_6,,,,,,Flat 3,supply,63.000000,outdoor,0.465875,0.693988,2.492712,2968.000000,0.501836,0.754438,3.236156,0.429913,0.644420,1.749268,2.000000,3.000000,14.768969,15.234843,10.000183,9.998521,0.001662,15.051359,14.879310,0.172049,,,,,,,,,,,,,
per_room,Ensuite_8,,,,,,Flat 3,transfer,8.000000,Kitchen_7,-0.334679,0.849632,2.908573,5491.000000,-0.542950,1.069915,4.130445,-0.126407,0.676159,1.790894,0.000000,0.000000,17.536004,17.201325,16.682162,15.496556,1.185606,36.028167,17.446115,18.582052,,,,,,,,,,,,,
per_room,Kitchen_7,,,,,,Flat 3,transfer,63.000000,Bedroom 2_6,0.706490,0.947560,2.373676,2968.000000,0.869985,1.120699,3.167248,0.542994,0.787742,1.709198,4.000000,4.000000,15.738390,16.444879,15.051359,14.377474,0.673885,16.682162,16.366541,0.315621,,,,,,,,,,,,,
time_shift,A_air vs B_zone(achieved air)|k=-3,70056.000000,0.385544,1.253108,1.012290,6.570864,,,,,,,,,,,,,,,,,,,,,,,,,"<bound method Series.corr of pair      A_air vs B_zone(achieved air)
shift                                -3
scope                            pooled
n                                 70056
bias                           0.385544
rmse                           1.253108
mae                             1.01229
maxabs                         6.570864
corr                           0.961033
Name: 0, dtype: object>",,,,,,,,,,,,
time_shift,A_air vs B_zone(achieved air)|k=-2,70064.000000,0.385532,1.147497,0.931780,5.978783,,,,,,,,,,,,,,,,,,,,,,,,,"<bound method Series.corr of pair      A_air vs B_zone(achieved air)
shift                                -2
scope                            pooled
n                                 70064
bias                           0.385532
rmse                           1.147497
mae                             0.93178
maxabs                         5.978783
corr                           0.969876
Name: 1, dtype: object>",,,,,,,,,,,,
time_shift,A_air vs B_zone(achieved air)|k=-1,70072.000000,0.385475,1.040721,0.848742,5.503945,,,,,,,,,,,,,,,,,,,,,,,,,"<bound method Series.corr of pair      A_air vs B_zone(achieved air)
shift                                -1
scope                            pooled
n                                 70072
bias                           0.385475
rmse                           1.040721
mae                            0.848742
maxabs                         5.503945
corr                           0.978022
Name: 2, dtype: object>",,,,,,,,,,,,
time_shift,A_air vs B_zone(achieved air)|k=+0,70080.000000,0.385350,0.984024,0.800978,4.130446,,,,,,,,,,,,,,,,,,,,,,,,,"<bound method Series.corr of pair      A_air vs B_zone(achieved air)
shift                                 0
scope                            pooled
n                                 70080
bias                            0.38535
rmse                           0.984024
mae                            0.800978
maxabs                         4.130446
corr                           0.982017
Name: 3, dtype: object>",,,,,,,,,,,,
time_shift,A_air vs B_zone(achieved air)|k=+1,70072.000000,0.385042,1.079497,0.872048,5.531023,,,,,,,,,,,,,,,,,,,,,,,,,"<bound method Series.corr of pair      A_air vs B_zone(achieved air)
shift                                 1
scope                            pooled
n                                 70072
bias                           0.385042
rmse                           1.079497
mae                            0.872048
maxabs                         5.531023
corr                           0.975126
Name: 4, dtype: object>",,,,,,,,,,,,
time_shift,A_air vs B_zone(achieved air)|k=+2,70064.000000,0.384851,1.207899,0.956486,5.972524,,,,,,,,,,,,,,,,,,,,,,,,,"<bound method Series.corr of pair      A_air vs B_zone(achieved air)
shift                                 2
scope                            pooled
n                                 70064
bias                           0.384851
rmse                           1.207899
mae                            0.956486
maxabs                         5.972524
corr                           0.964871
Name: 5, dtype: object>",,,,,,,,,,,,
time_shift,A_air vs B_zone(achieved air)|k=+3,70056.000000,0.384716,1.319332,1.040718,6.646603,,,,,,,,,,,,,,,,,,,,,,,,,"<bound method Series.corr of pair      A_air vs B_zone(achieved air)
shift                                 3
scope                            pooled
n                                 70056
bias                           0.384716
rmse                           1.319332
mae                            1.040718
maxabs                         6.646603
corr                           0.955039
Name: 6, dtype: object>",,,,,,,,,,,,
time_shift,A_res vs B_res|k=-3,70056.000000,0.372927,1.051450,0.862083,5.006243,,,,,,,,,,,,,,,,,,,,,,,,,"<bound method Series.corr of pair      A_res vs B_res
shift                 -3
scope             pooled
n                  70056
bias            0.372927
rmse             1.05145
mae             0.862083
maxabs          5.006243
corr            0.973725
Name: 63, dtype: object>",,,,,,,,,,,,
time_shift,A_res vs B_res|k=-2,70064.000000,0.372874,0.960047,0.792458,4.029873,,,,,,,,,,,,,,,,,,,,,,,,,"<bound method Series.corr of pair      A_res vs B_res
shift                 -2
scope             pooled
n                  70064
bias            0.372874
rmse            0.960047
mae             0.792458
maxabs          4.029873
corr            0.980568
Name: 64, dtype: object>",,,,,,,,,,,,
time_shift,A_res vs B_res|k=-1,70072.000000,0.372786,0.875573,0.725411,3.740406,,,,,,,,,,,,,,,,,,,,,,,,,"<bound method Series.corr of pair      A_res vs B_res
shift                 -1
scope             pooled
n                  70072
bias            0.372786
rmse            0.875573
mae             0.725411
maxabs          3.740406
corr            0.986335
Name: 65, dtype: object>",,,,,,,,,,,,
time_shift,A_res vs B_res|k=+0,70080.000000,0.372644,0.833501,0.688882,2.908573,,,,,,,,,,,,,,,,,,,,,,,,,"<bound method Series.corr of pair      A_res vs B_res
shift                  0
scope             pooled
n                  70080
bias            0.372644
rmse            0.833501
mae             0.688882
maxabs          2.908573
corr            0.989002
Name: 66, dtype: object>",,,,,,,,,,,,
time_shift,A_res vs B_res|k=+1,70072.000000,0.372428,0.900571,0.739647,3.718805,,,,,,,,,,,,,,,,,,,,,,,,,"<bound method Series.corr of pair      A_res vs B_res
shift                  1
scope             pooled
n                  70072
bias            0.372428
rmse            0.900571
mae             0.739647
maxabs          3.718805
corr            0.984657
Name: 67, dtype: object>",,,,,,,,,,,,
time_shift,A_res vs B_res|k=+2,70064.000000,0.372283,1.000270,0.805392,4.093119,,,,,,,,,,,,,,,,,,,,,,,,,"<bound method Series.corr of pair      A_res vs B_res
shift                  2
scope             pooled
n                  70064
bias            0.372283
rmse             1.00027
mae             0.805392
maxabs          4.093119
corr             0.97759
Name: 68, dtype: object>",,,,,,,,,,,,
time_shift,A_res vs B_res|k=+3,70056.000000,0.372174,1.097689,0.875357,5.153976,,,,,,,,,,,,,,,,,,,,,,,,,"<bound method Series.corr of pair      A_res vs B_res
shift                  3
scope             pooled
n                  70056
bias            0.372174
rmse            1.097689
mae             0.875357
maxabs          5.153976
corr            0.969972
Name: 69, dtype: object>",,,,,,,,,,,,
monthly,Bathroom_2|Jan,,0.762008,0.873893,,2.155519,,,,,,,,,,,,,,,,,,,,,,,,,,,,,,,,,,,,,
monthly,Bathroom_2|Feb,,0.829768,0.914310,,2.112161,,,,,,,,,,,,,,,,,,,,,,,,,,,,,,,,,,,,,
monthly,Bathroom_2|Mar,,1.167548,1.247161,,2.454351,,,,,,,,,,,,,,,,,,,,,,,,,,,,,,,,,,,,,
monthly,Bathroom_2|Apr,,0.797364,0.914279,,2.133322,,,,,,,,,,,,,,,,,,,,,,,,,,,,,,,,,,,,,
monthly,Bathroom_2|May,,0.469415,0.650641,,2.003908,,,,,,,,,,,,,,,,,,,,,,,,,,,,,,,,,,,,,
monthly,Bathroom_2|Jun,,0.025884,0.511623,,1.208273,,,,,,,,,,,,,,,,,,,,,,,,,,,,,,,,,,,,,
monthly,Bathroom_2|Jul,,-0.071448,0.504209,,1.065365,,,,,,,,,,,,,,,,,,,,,,,,,,,,,,,,,,,,,
monthly,Bathroom_2|Aug,,0.057443,0.451825,,0.960501,,,,,,,,,,,,,,,,,,,,,,,,,,,,,,,,,,,,,
monthly,Bathroom_2|Sep,,-0.181368,0.544653,,1.279428,,,,,,,,,,,,,,,,,,,,,,,,,,,,,,,,,,,,,
monthly,Bathroom_2|Oct,,0.128255,0.496597,,1.453083,,,,,,,,,,,,,,,,,,,,,,,,,,,,,,,,,,,,,
monthly,Bathroom_2|Nov,,0.943235,1.040909,,2.222608,,,,,,,,,,,,,,,,,,,,,,,,,,,,,,,,,,,,,
monthly,Bathroom_2|Dec,,1.030733,1.125852,,2.374563,,,,,,,,,,,,,,,,,,,,,,,,,,,,,,,,,,,,,
monthly,Studio 1_0|Jan,,0.752346,0.773657,,1.026047,,,,,,,,,,,,,,,,,,,,,,,,,,,,,,,,,,,,,
monthly,Studio 1_0|Feb,,0.792442,0.814153,,1.168167,,,,,,,,,,,,,,,,,,,,,,,,,,,,,,,,,,,,,
monthly,Studio 1_0|Mar,,0.964808,0.987939,,1.346325,,,,,,,,,,,,,,,,,,,,,,,,,,,,,,,,,,,,,
monthly,Studio 1_0|Apr,,0.523751,0.656219,,1.111834,,,,,,,,,,,,,,,,,,,,,,,,,,,,,,,,,,,,,
monthly,Studio 1_0|May,,-0.096639,0.495405,,1.377520,,,,,,,,,,,,,,,,,,,,,,,,,,,,,,,,,,,,,
monthly,Studio 1_0|Jun,,-0.326490,0.467242,,1.435757,,,,,,,,,,,,,,,,,,,,,,,,,,,,,,,,,,,,,
monthly,Studio 1_0|Jul,,-0.226926,0.367700,,1.179420,,,,,,,,,,,,,,,,,,,,,,,,,,,,,,,,,,,,,
monthly,Studio 1_0|Aug,,-0.188015,0.284918,,0.949932,,,,,,,,,,,,,,,,,,,,,,,,,,,,,,,,,,,,,
monthly,Studio 1_0|Sep,,-0.449380,0.578719,,1.543732,,,,,,,,,,,,,,,,,,,,,,,,,,,,,,,,,,,,,
monthly,Studio 1_0|Oct,,0.005008,0.467379,,1.485170,,,,,,,,,,,,,,,,,,,,,,,,,,,,,,,,,,,,,
monthly,Studio 1_0|Nov,,0.851661,0.889787,,1.222876,,,,,,,,,,,,,,,,,,,,,,,,,,,,,,,,,,,,,
monthly,Studio 1_0|Dec,,0.843757,0.868063,,1.145039,,,,,,,,,,,,,,,,,,,,,,,,,,,,,,,,,,,,,
monthly,Bedroom 2_3|Jan,,0.789254,0.804625,,1.117866,,,,,,,,,,,,,,,,,,,,,,,,,,,,,,,,,,,,,
monthly,Bedroom 2_3|Feb,,0.830051,0.841758,,1.093306,,,,,,,,,,,,,,,,,,,,,,,,,,,,,,,,,,,,,
monthly,Bedroom 2_3|Mar,,1.039796,1.055174,,1.415823,,,,,,,,,,,,,,,,,,,,,,,,,,,,,,,,,,,,,
monthly,Bedroom 2_3|Apr,,0.883193,0.902009,,1.345505,,,,,,,,,,,,,,,,,,,,,,,,,,,,,,,,,,,,,
monthly,Bedroom 2_3|May,,0.683376,0.733536,,2.351591,,,,,,,,,,,,,,,,,,,,,,,,,,,,,,,,,,,,,
monthly,Bedroom 2_3|Jun,,-0.097269,0.238293,,0.770184,,,,,,,,,,,,,,,,,,,,,,,,,,,,,,,,,,,,,
monthly,Bedroom 2_3|Jul,,-0.177750,0.285921,,0.771778,,,,,,,,,,,,,,,,,,,,,,,,,,,,,,,,,,,,,
monthly,Bedroom 2_3|Aug,,-0.174951,0.267173,,1.542660,,,,,,,,,,,,,,,,,,,,,,,,,,,,,,,,,,,,,
monthly,Bedroom 2_3|Sep,,-0.135541,0.286467,,0.802673,,,,,,,,,,,,,,,,,,,,,,,,,,,,,,,,,,,,,
monthly,Bedroom 2_3|Oct,,0.397841,0.498136,,0.954833,,,,,,,,,,,,,,,,,,,,,,,,,,,,,,,,,,,,,
monthly,Bedroom 2_3|Nov,,0.920284,0.944136,,1.269760,,,,,,,,,,,,,,,,,,,,,,,,,,,,,,,,,,,,,
monthly,Bedroom 2_3|Dec,,0.911051,0.926766,,1.243311,,,,,,,,,,,,,,,,,,,,,,,,,,,,,,,,,,,,,
monthly,Ensuite_5|Jan,,0.495710,0.551503,,1.333123,,,,,,,,,,,,,,,,,,,,,,,,,,,,,,,,,,,,,
monthly,Ensuite_5|Feb,,0.609929,0.658998,,1.342411,,,,,,,,,,,,,,,,,,,,,,,,,,,,,,,,,,,,,
monthly,Ensuite_5|Mar,,0.921713,0.964739,,1.854494,,,,,,,,,,,,,,,,,,,,,,,,,,,,,,,,,,,,,
monthly,Ensuite_5|Apr,,0.685638,0.731332,,1.566307,,,,,,,,,,,,,,,,,,,,,,,,,,,,,,,,,,,,,
monthly,Ensuite_5|May,,0.360747,0.538506,,1.697945,,,,,,,,,,,,,,,,,,,,,,,,,,,,,,,,,,,,,
monthly,Ensuite_5|Jun,,-0.790539,0.898722,,2.279245,,,,,,,,,,,,,,,,,,,,,,,,,,,,,,,,,,,,,
monthly,Ensuite_5|Jul,,-1.032414,1.124720,,2.633465,,,,,,,,,,,,,,,,,,,,,,,,,,,,,,,,,,,,,
monthly,Ensuite_5|Aug,,-1.118406,1.213458,,2.605864,,,,,,,,,,,,,,,,,,,,,,,,,,,,,,,,,,,,,
monthly,Ensuite_5|Sep,,-0.828227,0.908419,,2.531658,,,,,,,,,,,,,,,,,,,,,,,,,,,,,,,,,,,,,
monthly,Ensuite_5|Oct,,-0.105708,0.444023,,1.791332,,,,,,,,,,,,,,,,,,,,,,,,,,,,,,,,,,,,,
monthly,Ensuite_5|Nov,,0.701466,0.753205,,1.689190,,,,,,,,,,,,,,,,,,,,,,,,,,,,,,,,,,,,,
monthly,Ensuite_5|Dec,,0.714196,0.754837,,1.637904,,,,,,,,,,,,,,,,,,,,,,,,,,,,,,,,,,,,,
monthly,Kitchen_4|Jan,,1.261359,1.269440,,1.702563,,,,,,,,,,,,,,,,,,,,,,,,,,,,,,,,,,,,,
monthly,Kitchen_4|Feb,,1.329897,1.337550,,1.646173,,,,,,,,,,,,,,,,,,,,,,,,,,,,,,,,,,,,,
monthly,Kitchen_4|Mar,,1.556514,1.565501,,1.927600,,,,,,,,,,,,,,,,,,,,,,,,,,,,,,,,,,,,,
monthly,Kitchen_4|Apr,,1.337545,1.347320,,1.963053,,,,,,,,,,,,,,,,,,,,,,,,,,,,,,,,,,,,,
monthly,Kitchen_4|May,,0.972341,1.037459,,2.459118,,,,,,,,,,,,,,,,,,,,,,,,,,,,,,,,,,,,,
monthly,Kitchen_4|Jun,,0.036718,0.239791,,0.843815,,,,,,,,,,,,,,,,,,,,,,,,,,,,,,,,,,,,,
monthly,Kitchen_4|Jul,,-0.034384,0.187475,,0.763529,,,,,,,,,,,,,,,,,,,,,,,,,,,,,,,,,,,,,
monthly,Kitchen_4|Aug,,-0.026836,0.171617,,2.055933,,,,,,,,,,,,,,,,,,,,,,,,,,,,,,,,,,,,,
monthly,Kitchen_4|Sep,,0.004295,0.274555,,0.859221,,,,,,,,,,,,,,,,,,,,,,,,,,,,,,,,,,,,,
monthly,Kitchen_4|Oct,,0.645670,0.754513,,1.211678,,,,,,,,,,,,,,,,,,,,,,,,,,,,,,,,,,,,,
monthly,Kitchen_4|Nov,,1.427930,1.439035,,1.697507,,,,,,,,,,,,,,,,,,,,,,,,,,,,,,,,,,,,,
monthly,Kitchen_4|Dec,,1.467217,1.474388,,2.048023,,,,,,,,,,,,,,,,,,,,,,,,,,,,,,,,,,,,,
monthly,Bedroom 2_6|Jan,,0.729939,0.748388,,1.071069,,,,,,,,,,,,,,,,,,,,,,,,,,,,,,,,,,,,,
monthly,Bedroom 2_6|Feb,,0.779145,0.792405,,1.034786,,,,,,,,,,,,,,,,,,,,,,,,,,,,,,,,,,,,,
monthly,Bedroom 2_6|Mar,,0.987336,1.004091,,1.388527,,,,,,,,,,,,,,,,,,,,,,,,,,,,,,,,,,,,,
monthly,Bedroom 2_6|Apr,,0.876488,0.894459,,1.364559,,,,,,,,,,,,,,,,,,,,,,,,,,,,,,,,,,,,,
monthly,Bedroom 2_6|May,,0.769137,0.812823,,2.492712,,,,,,,,,,,,,,,,,,,,,,,,,,,,,,,,,,,,,
monthly,Bedroom 2_6|Jun,,-0.092145,0.238467,,0.712631,,,,,,,,,,,,,,,,,,,,,,,,,,,,,,,,,,,,,
monthly,Bedroom 2_6|Jul,,-0.201419,0.297302,,0.780600,,,,,,,,,,,,,,,,,,,,,,,,,,,,,,,,,,,,,
monthly,Bedroom 2_6|Aug,,-0.208707,0.292047,,1.599327,,,,,,,,,,,,,,,,,,,,,,,,,,,,,,,,,,,,,
monthly,Bedroom 2_6|Sep,,-0.149304,0.295679,,0.805973,,,,,,,,,,,,,,,,,,,,,,,,,,,,,,,,,,,,,
monthly,Bedroom 2_6|Oct,,0.386098,0.486185,,0.933425,,,,,,,,,,,,,,,,,,,,,,,,,,,,,,,,,,,,,
monthly,Bedroom 2_6|Nov,,0.870606,0.895446,,1.219614,,,,,,,,,,,,,,,,,,,,,,,,,,,,,,,,,,,,,
monthly,Bedroom 2_6|Dec,,0.862095,0.880156,,1.206857,,,,,,,,,,,,,,,,,,,,,,,,,,,,,,,,,,,,,
monthly,Ensuite_8|Jan,,0.064552,0.252513,,0.905262,,,,,,,,,,,,,,,,,,,,,,,,,,,,,,,,,,,,,
monthly,Ensuite_8|Feb,,0.191060,0.302732,,1.001212,,,,,,,,,,,,,,,,,,,,,,,,,,,,,,,,,,,,,
monthly,Ensuite_8|Mar,,0.513675,0.579982,,1.435409,,,,,,,,,,,,,,,,,,,,,,,,,,,,,,,,,,,,,
monthly,Ensuite_8|Apr,,0.283145,0.382429,,1.109417,,,,,,,,,,,,,,,,,,,,,,,,,,,,,,,,,,,,,
monthly,Ensuite_8|May,,-0.006642,0.392431,,1.475552,,,,,,,,,,,,,,,,,,,,,,,,,,,,,,,,,,,,,
monthly,Ensuite_8|Jun,,-1.099558,1.186983,,2.571289,,,,,,,,,,,,,,,,,,,,,,,,,,,,,,,,,,,,,
monthly,Ensuite_8|Jul,,-1.308813,1.387426,,2.903435,,,,,,,,,,,,,,,,,,,,,,,,,,,,,,,,,,,,,
monthly,Ensuite_8|Aug,,-1.404710,1.482622,,2.908573,,,,,,,,,,,,,,,,,,,,,,,,,,,,,,,,,,,,,
monthly,Ensuite_8|Sep,,-1.189845,1.240466,,2.773144,,,,,,,,,,,,,,,,,,,,,,,,,,,,,,,,,,,,,
monthly,Ensuite_8|Oct,,-0.549694,0.689438,,2.184351,,,,,,,,,,,,,,,,,,,,,,,,,,,,,,,,,,,,,
monthly,Ensuite_8|Nov,,0.239168,0.365774,,1.180561,,,,,,,,,,,,,,,,,,,,,,,,,,,,,,,,,,,,,
monthly,Ensuite_8|Dec,,0.288578,0.374859,,1.215078,,,,,,,,,,,,,,,,,,,,,,,,,,,,,,,,,,,,,
monthly,Kitchen_7|Jan,,1.095113,1.104889,,1.553186,,,,,,,,,,,,,,,,,,,,,,,,,,,,,,,,,,,,,
monthly,Kitchen_7|Feb,,1.173303,1.179237,,1.434826,,,,,,,,,,,,,,,,,,,,,,,,,,,,,,,,,,,,,
monthly,Kitchen_7|Mar,,1.393130,1.400536,,1.806825,,,,,,,,,,,,,,,,,,,,,,,,,,,,,,,,,,,,,
monthly,Kitchen_7|Apr,,1.197342,1.206131,,1.774274,,,,,,,,,,,,,,,,,,,,,,,,,,,,,,,,,,,,,
monthly,Kitchen_7|May,,0.873045,0.939367,,2.373676,,,,,,,,,,,,,,,,,,,,,,,,,,,,,,,,,,,,,
monthly,Kitchen_7|Jun,,-0.027027,0.237762,,0.843901,,,,,,,,,,,,,,,,,,,,,,,,,,,,,,,,,,,,,
monthly,Kitchen_7|Jul,,-0.078964,0.195296,,0.796246,,,,,,,,,,,,,,,,,,,,,,,,,,,,,,,,,,,,,
monthly,Kitchen_7|Aug,,-0.068077,0.182076,,2.147987,,,,,,,,,,,,,,,,,,,,,,,,,,,,,,,,,,,,,
monthly,Kitchen_7|Sep,,-0.093936,0.271460,,0.884884,,,,,,,,,,,,,,,,,,,,,,,,,,,,,,,,,,,,,
monthly,Kitchen_7|Oct,,0.486491,0.615340,,1.036350,,,,,,,,,,,,,,,,,,,,,,,,,,,,,,,,,,,,,
monthly,Kitchen_7|Nov,,1.245998,1.257984,,1.554295,,,,,,,,,,,,,,,,,,,,,,,,,,,,,,,,,,,,,
monthly,Kitchen_7|Dec,,1.310387,1.317466,,1.921619,,,,,,,,,,,,,,,,,,,,,,,,,,,,,,,,,,,,,
monthly,POOLED|Jan,,0.743785,0.849258,,2.155519,,,,,,,,,,,,,,,,,,,,,,,,,,,,,,,,,,,,,
monthly,POOLED|Feb,,0.816950,0.904215,,2.112161,,,,,,,,,,,,,,,,,,,,,,,,,,,,,,,,,,,,,
monthly,POOLED|Mar,,1.068065,1.136465,,2.454351,,,,,,,,,,,,,,,,,,,,,,,,,,,,,,,,,,,,,
monthly,POOLED|Apr,,0.823058,0.924076,,2.133322,,,,,,,,,,,,,,,,,,,,,,,,,,,,,,,,,,,,,
monthly,POOLED|May,,0.503097,0.730602,,2.492712,,,,,,,,,,,,,,,,,,,,,,,,,,,,,,,,,,,,,
monthly,POOLED|Jun,,-0.296303,0.604606,,2.571289,,,,,,,,,,,,,,,,,,,,,,,,,,,,,,,,,,,,,
monthly,POOLED|Jul,,-0.391515,0.691267,,2.903435,,,,,,,,,,,,,,,,,,,,,,,,,,,,,,,,,,,,,
monthly,POOLED|Aug,,-0.391532,0.722431,,2.908573,,,,,,,,,,,,,,,,,,,,,,,,,,,,,,,,,,,,,
monthly,POOLED|Sep,,-0.377913,0.643633,,2.773144,,,,,,,,,,,,,,,,,,,,,,,,,,,,,,,,,,,,,
monthly,POOLED|Oct,,0.174245,0.566787,,2.184351,,,,,,,,,,,,,,,,,,,,,,,,,,,,,,,,,,,,,
monthly,POOLED|Nov,,0.900043,0.995168,,2.222608,,,,,,,,,,,,,,,,,,,,,,,,,,,,,,,,,,,,,
monthly,POOLED|Dec,,0.928502,1.017010,,2.374563,,,,,,,,,,,,,,,,,,,,,,,,,,,,,,,,,,,,,
regime,ODB_ge_20,3480.000000,-0.047625,0.490362,,2.492712,,,,,,,,,,,,,,,,,,,,,,,,,,,,,,,,,,,,,
regime,ODB_10_to_20,31648.000000,0.000731,0.777155,,2.908573,,,,,,,,,,,,,,,,,,,,,,,,,,,,,,,,,,,,,
regime,ODB_lt_10,34952.000000,0.751245,0.906712,,2.344272,,,,,,,,,,,,,,,,,,,,,,,,,,,,,,,,,,,,,
regime,night_23_06,23360.000000,0.401620,0.789338,,2.147987,,,,,,,,,,,,,,,,,,,,,,,,,,,,,,,,,,,,,
regime,day_07_22,46720.000000,0.358157,0.854727,,2.908573,,,,,,,,,,,,,,,,,,,,,,,,,,,,,,,,,,,,,
B0_supply_air,MVHR-01,,0.000000,,,0.000000,,,,,,,,,,,,,,,,,,,,,,,,,,native fresh-air duct temperature minus outdoor dry bulb,,,,,,,,,,,
A_supply_air,MVHR-01_plenum_minus_ODB,,-0.001973,1.468108,,6.320564,,,,,,,,,,,,,,,,,,,,,,,,,,"Reference A supplies each dwelling from an 18 m3 MVHR zone, not outdoor air",,,,,,,,,,,
B0_supply_air,MVHR-02,,0.000000,,,0.000000,,,,,,,,,,,,,,,,,,,,,,,,,,native fresh-air duct temperature minus outdoor dry bulb,,,,,,,,,,,
A_supply_air,MVHR-02_plenum_minus_ODB,,-0.001662,0.847488,,3.711226,,,,,,,,,,,,,,,,,,,,,,,,,,"Reference A supplies each dwelling from an 18 m3 MVHR zone, not outdoor air",,,,,,,,,,,
B0_supply_air,MVHR-03,,0.000000,,,0.000000,,,,,,,,,,,,,,,,,,,,,,,,,,native fresh-air duct temperature minus outdoor dry bulb,,,,,,,,,,,
A_supply_air,MVHR-03_plenum_minus_ODB,,-0.001662,0.847488,,3.711226,,,,,,,,,,,,,,,,,,,,,,,,,,"Reference A supplies each dwelling from an 18 m3 MVHR zone, not outdoor air",,,,,,,,,,,
experiment_DisplacementVent,Bathroom_2,,,,,,,,,,,,,,,,,,,,,,,,,,,,,,,,0.531684,0.978923,1.497544,1.724452,18.489711,19.455572,17.958028,,,,
experiment_DisplacementVent,Studio 1_0,,,,,,,,,,,,,,,,,,,,,,,,,,,,,,,,0.292475,0.802949,0.534502,0.855912,15.974125,16.216152,15.681650,,,,
experiment_DisplacementVent,Bedroom 2_3,,,,,,,,,,,,,,,,,,,,,,,,,,,,,,,,0.523115,0.780287,0.551112,0.788085,14.939407,14.967403,14.416292,,,,
experiment_DisplacementVent,Ensuite_5,,,,,,,,,,,,,,,,,,,,,,,,,,,,,,,,-0.095764,0.986407,1.504644,1.716288,17.378713,18.979122,17.474477,,,,
experiment_DisplacementVent,Kitchen_4,,,,,,,,,,,,,,,,,,,,,,,,,,,,,,,,1.004031,1.261023,1.057397,1.308483,16.357481,16.410847,15.353450,,,,
experiment_DisplacementVent,Bedroom 2_6,,,,,,,,,,,,,,,,,,,,,,,,,,,,,,,,0.502550,0.754910,0.531351,0.763457,14.880024,14.908825,14.377474,,,,
experiment_DisplacementVent,Ensuite_8,,,,,,,,,,,,,,,,,,,,,,,,,,,,,,,,-0.542285,1.069527,1.285290,1.487590,17.446781,19.274356,17.989065,,,,
experiment_DisplacementVent,Kitchen_7,,,,,,,,,,,,,,,,,,,,,,,,,,,,,,,,0.869389,1.120003,0.922800,1.164977,16.365945,16.419356,15.496556,,,,
experiment_DisplacementVent,POOLED,,,,,,,,,,,,,,,,,,,,,,,,,,,,,,,,0.385649,0.983821,0.985580,1.281509,,,,,,,
control_rerun,Bathroom_2,,,,0.000862,0.001001,,,,,,,,,,,,,,,,,,,,,,,,,,re-simulated Systems ZoneTemperature vs frozen bridge achieved air,,,,,,,,,,,
control_rerun,Studio 1_0,,,,0.000854,0.001001,,,,,,,,,,,,,,,,,,,,,,,,,,re-simulated Systems ZoneTemperature vs frozen bridge achieved air,,,,,,,,,,,
control_rerun,Bedroom 2_3,,,,0.000842,0.001001,,,,,,,,,,,,,,,,,,,,,,,,,,re-simulated Systems ZoneTemperature vs frozen bridge achieved air,,,,,,,,,,,
control_rerun,Ensuite_5,,,,0.000853,0.001001,,,,,,,,,,,,,,,,,,,,,,,,,,re-simulated Systems ZoneTemperature vs frozen bridge achieved air,,,,,,,,,,,
control_rerun,Kitchen_4,,,,0.000925,0.000999,,,,,,,,,,,,,,,,,,,,,,,,,,re-simulated Systems ZoneTemperature vs frozen bridge achieved air,,,,,,,,,,,
control_rerun,Bedroom 2_6,,,,0.000840,0.001001,,,,,,,,,,,,,,,,,,,,,,,,,,re-simulated Systems ZoneTemperature vs frozen bridge achieved air,,,,,,,,,,,
control_rerun,Ensuite_8,,,,0.000821,0.001000,,,,,,,,,,,,,,,,,,,,,,,,,,re-simulated Systems ZoneTemperature vs frozen bridge achieved air,,,,,,,,,,,
control_rerun,Kitchen_7,,,,0.000932,0.001001,,,,,,,,,,,,,,,,,,,,,,,,,,re-simulated Systems ZoneTemperature vs frozen bridge achieved air,,,,,,,,,,,
load_evaluation_offset,month_01,,,,,,,,,,,,,,,,,,,,,,,,,,,,,,,,,,,,,,,1.882953,0.845921,,
load_evaluation_offset,month_02,,,,,,,,,,,,,,,,,,,,,,,,,,,,,,,,,,,,,,,1.940214,0.859411,,
load_evaluation_offset,month_03,,,,,,,,,,,,,,,,,,,,,,,,,,,,,,,,,,,,,,,1.857707,1.124043,,
load_evaluation_offset,month_04,,,,,,,,,,,,,,,,,,,,,,,,,,,,,,,,,,,,,,,1.811097,0.861173,,
load_evaluation_offset,month_05,,,,,,,,,,,,,,,,,,,,,,,,,,,,,,,,,,,,,,,1.503153,0.498622,,
load_evaluation_offset,month_06,,,,,,,,,,,,,,,,,,,,,,,,,,,,,,,,,,,,,,,1.149850,-0.349677,,
load_evaluation_offset,month_07,,,,,,,,,,,,,,,,,,,,,,,,,,,,,,,,,,,,,,,1.019966,-0.452637,,
load_evaluation_offset,month_08,,,,,,,,,,,,,,,,,,,,,,,,,,,,,,,,,,,,,,,0.936300,-0.442458,,
load_evaluation_offset,month_09,,,,,,,,,,,,,,,,,,,,,,,,,,,,,,,,,,,,,,,1.344805,-0.417319,,
load_evaluation_offset,month_10,,,,,,,,,,,,,,,,,,,,,,,,,,,,,,,,,,,,,,,1.737904,0.193807,,
load_evaluation_offset,month_11,,,,,,,,,,,,,,,,,,,,,,,,,,,,,,,,,,,,,,,1.988005,0.961355,,
load_evaluation_offset,month_12,,,,,,,,,,,,,,,,,,,,,,,,,,,,,,,,,,,,,,,1.912191,0.972162,,
load_evaluation_offset,monthly_correlation,,,,,,,,,,,,,,,,,,,,,,,,,,,,,,0.9318945910252002,,,,,,,,,,,,
argmax_tie,hour_5491,,,,,2.908573,,,,,,,,,,,,,,,,,,,,,,,,,,,,,,,,,,,,23.073898,20.165325
argmax_tie,hour_5299,,,,,2.908270,,,,,,,,,,,,,,,,,,,,,,,,,,,,,,,,,,,,23.339245,20.430975
argmax_tie,hour_4819,,,,,2.903435,,,,,,,,,,,,,,,,,,,,,,,,,,,,,,,,,,,,24.030121,21.126686
