room,month,bias,rmse,maxabs
Bathroom_2,Jan,0.762008,0.873893,2.155519
Bathroom_2,Feb,0.829768,0.914310,2.112161
Bathroom_2,Mar,1.167548,1.247161,2.454351
Bathroom_2,Apr,0.797364,0.914279,2.133322
Bathroom_2,May,0.469415,0.650641,2.003908
Bathroom_2,Jun,0.025884,0.511623,1.208273
Bathroom_2,Jul,-0.071448,0.504209,1.065365
Bathroom_2,Aug,0.057443,0.451825,0.960501
Bathroom_2,Sep,-0.181368,0.544653,1.279428
Bathroom_2,Oct,0.128255,0.496597,1.453083
Bathroom_2,Nov,0.943235,1.040909,2.222608
Bathroom_2,Dec,1.030733,1.125852,2.374563
Studio 1_0,Jan,0.752346,0.773657,1.026047
Studio 1_0,Feb,0.792442,0.814153,1.168167
Studio 1_0,Mar,0.964808,0.987939,1.346325
Studio 1_0,Apr,0.523751,0.656219,1.111834
Studio 1_0,May,-0.096639,0.495405,1.377520
Studio 1_0,Jun,-0.326490,0.467242,1.435757
Studio 1_0,Jul,-0.226926,0.367700,1.179420
Studio 1_0,Aug,-0.188015,0.284918,0.949932
Studio 1_0,Sep,-0.449380,0.578719,1.543732
Studio 1_0,Oct,0.005008,0.467379,1.485170
Studio 1_0,Nov,0.851661,0.889787,1.222876
Studio 1_0,Dec,0.843757,0.868063,1.145039
Bedroom 2_3,Jan,0.789254,0.804625,1.117866
Bedroom 2_3,Feb,0.830051,0.841758,1.093306
Bedroom 2_3,Mar,1.039796,1.055174,1.415823
Bedroom 2_3,Apr,0.883193,0.902009,1.345505
Bedroom 2_3,May,0.683376,0.733536,2.351591
Bedroom 2_3,Jun,-0.097269,0.238293,0.770184
Bedroom 2_3,Jul,-0.177750,0.285921,0.771778
Bedroom 2_3,Aug,-0.174951,0.267173,1.542660
Bedroom 2_3,Sep,-0.135541,0.286467,0.802673
Bedroom 2_3,Oct,0.397841,0.498136,0.954833
Bedroom 2_3,Nov,0.920284,0.944136,1.269760
Bedroom 2_3,Dec,0.911051,0.926766,1.243311
Ensuite_5,Jan,0.495710,0.551503,1.333123
Ensuite_5,Feb,0.609929,0.658998,1.342411
Ensuite_5,Mar,0.921713,0.964739,1.854494
Ensuite_5,Apr,0.685638,0.731332,1.566307
Ensuite_5,May,0.360747,0.538506,1.697945
Ensuite_5,Jun,-0.790539,0.898722,2.279245
Ensuite_5,Jul,-1.032414,1.124720,2.633465
Ensuite_5,Aug,-1.118406,1.213458,2.605864
Ensuite_5,Sep,-0.828227,0.908419,2.531658
Ensuite_5,Oct,-0.105708,0.444023,1.791332
Ensuite_5,Nov,0.701466,0.753205,1.689190
Ensuite_5,Dec,0.714196,0.754837,1.637904
Kitchen_4,Jan,1.261359,1.269440,1.702563
Kitchen_4,Feb,1.329897,1.337550,1.646173
Kitchen_4,Mar,1.556514,1.565501,1.927600
Kitchen_4,Apr,1.337545,1.347320,1.963053
Kitchen_4,May,0.972341,1.037459,2.459118
Kitchen_4,Jun,0.036718,0.239791,0.843815
Kitchen_4,Jul,-0.034384,0.187475,0.763529
Kitchen_4,Aug,-0.026836,0.171617,2.055933
Kitchen_4,Sep,0.004295,0.274555,0.859221
Kitchen_4,Oct,0.645670,0.754513,1.211678
Kitchen_4,Nov,1.427930,1.439035,1.697507
Kitchen_4,Dec,1.467217,1.474388,2.048023
Bedroom 2_6,Jan,0.729939,0.748388,1.071069
Bedroom 2_6,Feb,0.779145,0.792405,1.034786
Bedroom 2_6,Mar,0.987336,1.004091,1.388527
Bedroom 2_6,Apr,0.876488,0.894459,1.364559
Bedroom 2_6,May,0.769137,0.812823,2.492712
Bedroom 2_6,Jun,-0.092145,0.238467,0.712631
Bedroom 2_6,Jul,-0.201419,0.297302,0.780600
Bedroom 2_6,Aug,-0.208707,0.292047,1.599327
Bedroom 2_6,Sep,-0.149304,0.295679,0.805973
Bedroom 2_6,Oct,0.386098,0.486185,0.933425
Bedroom 2_6,Nov,0.870606,0.895446,1.219614
Bedroom 2_6,Dec,0.862095,0.880156,1.206857
Ensuite_8,Jan,0.064552,0.252513,0.905262
Ensuite_8,Feb,0.191060,0.302732,1.001212
Ensuite_8,Mar,0.513675,0.579982,1.435409
Ensuite_8,Apr,0.283145,0.382429,1.109417
Ensuite_8,May,-0.006642,0.392431,1.475552
Ensuite_8,Jun,-1.099558,1.186983,2.571289
Ensuite_8,Jul,-1.308813,1.387426,2.903435
Ensuite_8,Aug,-1.404710,1.482622,2.908573
Ensuite_8,Sep,-1.189845,1.240466,2.773144
Ensuite_8,Oct,-0.549694,0.689438,2.184351
Ensuite_8,Nov,0.239168,0.365774,1.180561
Ensuite_8,Dec,0.288578,0.374859,1.215078
Kitchen_7,Jan,1.095113,1.104889,1.553186
Kitchen_7,Feb,1.173303,1.179237,1.434826
Kitchen_7,Mar,1.393130,1.400536,1.806825
Kitchen_7,Apr,1.197342,1.206131,1.774274
Kitchen_7,May,0.873045,0.939367,2.373676
Kitchen_7,Jun,-0.027027,0.237762,0.843901
Kitchen_7,Jul,-0.078964,0.195296,0.796246
Kitchen_7,Aug,-0.068077,0.182076,2.147987
Kitchen_7,Sep,-0.093936,0.271460,0.884884
Kitchen_7,Oct,0.486491,0.615340,1.036350
Kitchen_7,Nov,1.245998,1.257984,1.554295
Kitchen_7,Dec,1.310387,1.317466,1.921619
POOLED,Jan,0.743785,0.849258,2.155519
POOLED,Feb,0.816950,0.904215,2.112161
POOLED,Mar,1.068065,1.136465,2.454351
POOLED,Apr,0.823058,0.924076,2.133322
POOLED,May,0.503097,0.730602,2.492712
POOLED,Jun,-0.296303,0.604606,2.571289
POOLED,Jul,-0.391515,0.691267,2.903435
POOLED,Aug,-0.391532,0.722431,2.908573
POOLED,Sep,-0.377913,0.643633,2.773144
POOLED,Oct,0.174245,0.566787,2.184351
POOLED,Nov,0.900043,0.995168,2.222608
POOLED,Dec,0.928502,1.017010,2.374563
