pair,shift,scope,n,bias,rmse,mae,maxabs,corr
A_air vs B_zone(achieved air),-3,pooled,70056,0.385544,1.253108,1.012290,6.570864,0.961033
A_air vs B_zone(achieved air),-2,pooled,70064,0.385532,1.147497,0.931780,5.978783,0.969876
A_air vs B_zone(achieved air),-1,pooled,70072,0.385475,1.040721,0.848742,5.503945,0.978022
A_air vs B_zone(achieved air),0,pooled,70080,0.385350,0.984024,0.800978,4.130446,0.982017
A_air vs B_zone(achieved air),1,pooled,70072,0.385042,1.079497,0.872048,5.531023,0.975126
A_air vs B_zone(achieved air),2,pooled,70064,0.384851,1.207899,0.956486,5.972524,0.964871
A_air vs B_zone(achieved air),3,pooled,70056,0.384716,1.319332,1.040718,6.646603,0.955039
A_air vs B_zone(achieved air),-3,Bathroom_2,8757,0.531693,1.474231,1.131782,4.715119,0.932095
A_air vs B_zone(achieved air),-2,Bathroom_2,8758,0.531796,1.323371,1.040454,4.159221,0.947788
A_air vs B_zone(achieved air),-1,Bathroom_2,8759,0.531720,1.120956,0.895343,3.893858,0.966176
A_air vs B_zone(achieved air),0,Bathroom_2,8760,0.531564,0.979276,0.811585,3.028181,0.977228
A_air vs B_zone(achieved air),1,Bathroom_2,8759,0.531304,1.156245,0.892999,4.548587,0.963165
A_air vs B_zone(achieved air),2,Bathroom_2,8758,0.531167,1.370499,1.027752,5.159486,0.943034
A_air vs B_zone(achieved air),3,Bathroom_2,8757,0.531114,1.519466,1.191501,5.152571,0.927029
A_air vs B_zone(achieved air),-3,Studio 1_0,8757,0.291686,1.102172,0.888866,6.570864,0.965734
A_air vs B_zone(achieved air),-2,Studio 1_0,8758,0.291720,0.972678,0.803322,5.978783,0.976393
A_air vs B_zone(achieved air),-1,Studio 1_0,8759,0.291727,0.860313,0.726300,5.503945,0.984562
A_air vs B_zone(achieved air),0,Studio 1_0,8760,0.291665,0.802572,0.675523,2.233156,0.988364
A_air vs B_zone(achieved air),1,Studio 1_0,8759,0.291367,0.896569,0.750790,5.531023,0.982011
A_air vs B_zone(achieved air),2,Studio 1_0,8758,0.291199,1.040221,0.831670,5.972524,0.970966
A_air vs B_zone(achieved air),3,Studio 1_0,8757,0.291099,1.199130,0.928618,6.646603,0.956846
A_air vs B_zone(achieved air),-3,Bedroom 2_3,8757,0.522501,1.075978,0.885780,5.360798,0.975076
A_air vs B_zone(achieved air),-2,Bedroom 2_3,8758,0.522511,0.935477,0.783128,4.704695,0.984633
A_air vs B_zone(achieved air),-1,Bedroom 2_3,8759,0.522501,0.824339,0.703566,4.434213,0.991246
A_air vs B_zone(achieved air),0,Bedroom 2_3,8760,0.522396,0.779807,0.668957,3.074429,0.993653
A_air vs B_zone(achieved air),1,Bedroom 2_3,8759,0.522101,0.860169,0.732425,4.050632,0.989180
A_air vs B_zone(achieved air),2,Bedroom 2_3,8758,0.521948,0.995521,0.814014,4.936733,0.980678
A_air vs B_zone(achieved air),3,Bedroom 2_3,8757,0.521833,1.150827,0.909111,5.690026,0.969399
A_air vs B_zone(achieved air),-3,Ensuite_5,8757,-0.096029,1.221405,1.009919,3.818217,0.956688
A_air vs B_zone(achieved air),-2,Ensuite_5,8758,-0.096094,1.142679,0.949942,3.645155,0.965074
A_air vs B_zone(achieved air),-1,Ensuite_5,8759,-0.096203,1.039920,0.857052,3.713116,0.975179
A_air vs B_zone(achieved air),0,Ensuite_5,8760,-0.096354,0.986622,0.806272,3.839502,0.980035
A_air vs B_zone(achieved air),1,Ensuite_5,8759,-0.096702,1.127105,0.899821,3.809067,0.966627
A_air vs B_zone(achieved air),2,Ensuite_5,8758,-0.096935,1.267631,0.996289,4.085939,0.951441
A_air vs B_zone(achieved air),3,Ensuite_5,8757,-0.097095,1.332826,1.066761,4.278900,0.943791
A_air vs B_zone(achieved air),-3,Kitchen_4,8757,1.004869,1.439194,1.209146,5.392136,0.972615
A_air vs B_zone(achieved air),-2,Kitchen_4,8758,1.004834,1.362517,1.153877,4.698061,0.981449
A_air vs B_zone(achieved air),-1,Kitchen_4,8759,1.004778,1.296181,1.106820,4.558539,0.988695
A_air vs B_zone(achieved air),0,Kitchen_4,8760,1.004657,1.261718,1.066548,3.093925,0.992302
A_air vs B_zone(achieved air),1,Kitchen_4,8759,1.004374,1.300298,1.107122,4.204479,0.988198
A_air vs B_zone(achieved air),2,Kitchen_4,8758,1.004181,1.372366,1.152282,4.676900,0.980247
A_air vs B_zone(achieved air),3,Kitchen_4,8757,1.004024,1.459520,1.198556,5.320950,0.970071
A_air vs B_zone(achieved air),-3,Bedroom 2_6,8757,0.501974,1.058098,0.868041,5.351580,0.974851
A_air vs B_zone(achieved air),-2,Bedroom 2_6,8758,0.501972,0.914943,0.764496,4.699971,0.984432
A_air vs B_zone(achieved air),-1,Bedroom 2_6,8759,0.501952,0.800827,0.683388,4.402645,0.991072
A_air vs B_zone(achieved air),0,Bedroom 2_6,8760,0.501836,0.754438,0.648086,3.236157,0.993511
A_air vs B_zone(achieved air),1,Bedroom 2_6,8759,0.501540,0.836392,0.711129,4.018559,0.989072
A_air vs B_zone(achieved air),2,Bedroom 2_6,8758,0.501384,0.974253,0.793572,4.942057,0.980597
A_air vs B_zone(achieved air),3,Bedroom 2_6,8757,0.501266,1.131879,0.889687,5.803337,0.969330
A_air vs B_zone(achieved air),-3,Ensuite_8,8757,-0.542566,1.270005,1.008458,3.959811,0.958219
A_air vs B_zone(achieved air),-2,Ensuite_8,8758,-0.542659,1.203243,0.921774,3.957190,0.965979
A_air vs B_zone(achieved air),-1,Ensuite_8,8759,-0.542786,1.114585,0.830398,4.020893,0.975637
A_air vs B_zone(achieved air),0,Ensuite_8,8760,-0.542950,1.069915,0.786671,4.130446,0.980219
A_air vs B_zone(achieved air),1,Ensuite_8,8759,-0.543341,1.195958,0.894970,4.092003,0.966789
A_air vs B_zone(achieved air),2,Ensuite_8,8758,-0.543619,1.321566,1.002940,4.114485,0.951921
A_air vs B_zone(achieved air),3,Ensuite_8,8757,-0.543825,1.377118,1.060437,4.279947,0.944875
A_air vs B_zone(achieved air),-3,Kitchen_7,8757,0.870224,1.311784,1.096326,5.348433,0.973225
A_air vs B_zone(achieved air),-2,Kitchen_7,8758,0.870180,1.230607,1.037251,4.650453,0.981894
A_air vs B_zone(achieved air),-1,Kitchen_7,8759,0.870115,1.159071,0.987068,4.541307,0.989070
A_air vs B_zone(achieved air),0,Kitchen_7,8760,0.869985,1.120699,0.944184,3.167248,0.992727
A_air vs B_zone(achieved air),1,Kitchen_7,8759,0.869691,1.162267,0.987130,4.204089,0.988703
A_air vs B_zone(achieved air),2,Kitchen_7,8758,0.869484,1.238865,1.033370,4.667243,0.980948
A_air vs B_zone(achieved air),3,Kitchen_7,8757,0.869315,1.330329,1.081071,5.324661,0.971049
A_res vs B_res,-3,pooled,70056,0.372927,1.051450,0.862083,5.006243,0.973725
A_res vs B_res,-2,pooled,70064,0.372874,0.960047,0.792458,4.029873,0.980568
A_res vs B_res,-1,pooled,70072,0.372786,0.875573,0.725411,3.740406,0.986335
A_res vs B_res,0,pooled,70080,0.372644,0.833501,0.688882,2.908573,0.989002
A_res vs B_res,1,pooled,70072,0.372428,0.900571,0.739647,3.718805,0.984657
A_res vs B_res,2,pooled,70064,0.372283,1.000270,0.805392,4.093119,0.977590
A_res vs B_res,3,pooled,70056,0.372174,1.097689,0.875357,5.153976,0.969972
A_res vs B_res,-3,Bathroom_2,8757,0.495137,1.145006,0.898561,3.608718,0.962102
A_res vs B_res,-2,Bathroom_2,8758,0.495173,1.033372,0.831391,3.207754,0.971671
A_res vs B_res,-1,Bathroom_2,8759,0.495087,0.900378,0.735810,2.993757,0.981783
A_res vs B_res,0,Bathroom_2,8760,0.494930,0.817455,0.686053,2.454351,0.987376
A_res vs B_res,1,Bathroom_2,8759,0.494741,0.922076,0.735022,3.482378,0.980204
A_res vs B_res,2,Bathroom_2,8758,0.494630,1.063377,0.827589,3.975114,0.969159
A_res vs B_res,3,Bathroom_2,8757,0.494577,1.173500,0.938612,3.933395,0.959464
A_res vs B_res,-3,Studio 1_0,8757,0.284686,0.993215,0.801082,5.006243,0.974735
A_res vs B_res,-2,Studio 1_0,8758,0.284674,0.853940,0.701971,4.029873,0.984175
A_res vs B_res,-1,Studio 1_0,8759,0.284637,0.733330,0.617610,3.740406,0.991198
A_res vs B_res,0,Studio 1_0,8760,0.284546,0.672525,0.570209,1.543732,0.994327
A_res vs B_res,1,Studio 1_0,8759,0.284345,0.770996,0.646532,3.718805,0.989100
A_res vs B_res,2,Studio 1_0,8758,0.284224,0.920117,0.734512,4.093119,0.979838
A_res vs B_res,3,Studio 1_0,8757,0.284147,1.083050,0.834539,5.153976,0.967856
A_res vs B_res,-3,Bedroom 2_3,8757,0.487582,0.954604,0.795911,3.635477,0.981487
A_res vs B_res,-2,Bedroom 2_3,8758,0.487543,0.842188,0.708205,3.114281,0.988627
A_res vs B_res,-1,Bedroom 2_3,8759,0.487489,0.752450,0.640069,2.918890,0.993684
A_res vs B_res,0,Bedroom 2_3,8760,0.487366,0.712868,0.609297,2.351591,0.995726
A_res vs B_res,1,Bedroom 2_3,8759,0.487163,0.769602,0.657021,2.503359,0.992739
A_res vs B_res,2,Bedroom 2_3,8758,0.487045,0.871961,0.721751,3.286987,0.986790
A_res vs B_res,3,Bedroom 2_3,8757,0.486949,0.993096,0.795099,4.365703,0.978794
A_res vs B_res,-3,Ensuite_5,8757,0.048156,0.982040,0.836055,2.959736,0.975784
A_res vs B_res,-2,Ensuite_5,8758,0.048069,0.923402,0.804164,2.685568,0.980906
A_res vs B_res,-1,Ensuite_5,8759,0.047943,0.857207,0.753045,2.561815,0.986306
A_res vs B_res,0,Ensuite_5,8760,0.047778,0.827805,0.725568,2.633465,0.988565
A_res vs B_res,1,Ensuite_5,8759,0.047531,0.910368,0.763188,2.729299,0.981960
A_res vs B_res,2,Ensuite_5,8758,0.047352,1.002330,0.816858,3.155976,0.973871
A_res vs B_res,3,Ensuite_5,8757,0.047221,1.056564,0.866484,3.189453,0.968737
A_res vs B_res,-3,Kitchen_4,8757,0.829149,1.243888,1.040885,3.793481,0.978427
A_res vs B_res,-2,Kitchen_4,8758,0.829078,1.166288,0.976002,3.449633,0.985959
A_res vs B_res,-1,Kitchen_4,8759,0.828988,1.101461,0.923775,3.052067,0.991874
A_res vs B_res,0,Kitchen_4,8760,0.828849,1.068859,0.886111,2.459118,0.994707
A_res vs B_res,1,Kitchen_4,8759,0.828649,1.107267,0.928017,3.002331,0.991315
A_res vs B_res,2,Kitchen_4,8758,0.828501,1.178509,0.976406,3.912401,0.984733
A_res vs B_res,3,Kitchen_4,8757,0.828377,1.264769,1.028244,4.529217,0.976220
A_res vs B_res,-3,Bedroom 2_6,8757,0.466124,0.938950,0.781314,3.603348,0.981180
A_res vs B_res,-2,Bedroom 2_6,8758,0.466074,0.825559,0.694973,3.086902,0.988318
A_res vs B_res,-1,Bedroom 2_6,8759,0.466008,0.734538,0.627680,2.885952,0.993382
A_res vs B_res,0,Bedroom 2_6,8760,0.465875,0.693988,0.597421,2.492712,0.995440
A_res vs B_res,1,Bedroom 2_6,8759,0.465670,0.751353,0.643642,2.481691,0.992469
A_res vs B_res,2,Bedroom 2_6,8758,0.465548,0.854751,0.707748,3.372395,0.986534
A_res vs B_res,3,Bedroom 2_6,8757,0.465449,0.976779,0.780492,4.453503,0.978550
A_res vs B_res,-3,Ensuite_8,8757,-0.334241,0.981787,0.799880,2.973908,0.976933
A_res vs B_res,-2,Ensuite_8,8758,-0.334354,0.932211,0.745363,2.973711,0.981507
A_res vs B_res,-1,Ensuite_8,8759,-0.334499,0.874763,0.681288,2.871074,0.986510
A_res vs B_res,0,Ensuite_8,8760,-0.334679,0.849632,0.651616,2.908573,0.988592
A_res vs B_res,1,Ensuite_8,8759,-0.334953,0.925097,0.715519,2.983867,0.982121
A_res vs B_res,2,Ensuite_8,8758,-0.335161,1.007390,0.781404,3.005562,0.974440
A_res vs B_res,3,Ensuite_8,8757,-0.335324,1.053267,0.830834,3.176334,0.969875
A_res vs B_res,-3,Kitchen_7,8757,0.706819,1.130662,0.942975,3.568825,0.979223
A_res vs B_res,-2,Kitchen_7,8758,0.706737,1.050577,0.877594,3.192331,0.986441
A_res vs B_res,-1,Kitchen_7,8759,0.706637,0.982657,0.824016,3.000604,0.992142
A_res vs B_res,0,Kitchen_7,8760,0.706490,0.947560,0.784782,2.373676,0.994926
A_res vs B_res,1,Kitchen_7,8759,0.706282,0.987991,0.828233,2.790972,0.991667
A_res vs B_res,2,Kitchen_7,8758,0.706126,1.061904,0.876868,3.647400,0.985383
A_res vs B_res,3,Kitchen_7,8757,0.705993,1.150472,0.928554,4.255433,0.977261
